id,username,created_at,lng,lat,text
1519038692526071808,ralphymoon,Tue Apr 26 19:40:21 +0000 2022,-3.055158,56.495491,@conarkerr1996 @DundeeStars Sorted now üëåüèª
1519038693163651074,VonnSand,Tue Apr 26 19:40:21 +0000 2022,-4.2417514999999995,55.85830249999999,@justjanis Janis I have ZERO memory of this so I am willing to bet it was absolute mince from start to finish haha
1519038698184192000,greg_curious,Tue Apr 26 19:40:22 +0000 2022,-3.2030085,55.9431955,@scottishgreens @patrickharvie @lornaslater Sell outs on the big bucks.Pie Paddy &amp; Lazy/Loopy Lorna.  From a part‚Ä¶ https://t.co/2n7S1SlWdn
1519038700201594880,MrsJoJoM13,Tue Apr 26 19:40:23 +0000 2022,-2.0093330000000003,52.514873,"@misssimmo78 @MrWithersAHT Me too, it was so good. The lecturers were great, I learnt such a lot there."
1519038704094003203,MrsBeeBrown,Tue Apr 26 19:40:24 +0000 2022,-2.915427,53.4198785,Always has been one of my favourite trips. 3rd trip of year 3 and they were so amazing! Lots of learning happening‚Ä¶ https://t.co/d3BbTtGjhR
1519038704790253570,bigjeans68,Tue Apr 26 19:40:24 +0000 2022,-2.932375,51.602923,So many muted so little time #MCIRMA üñïüèªüñïüèª
1519038707784896512,Ranj_MK,Tue Apr 26 19:40:24 +0000 2022,-0.7640635,52.033567000000005,Looking forward to seeing #friends in person! #Celebrate #inspire #network
1519038711002017794,chrick81,Tue Apr 26 19:40:25 +0000 2022,-5.928413,54.595869,Any one else hear Owen hardgreves say man United sorry city got that goal to get back into the game
1519038711907950592,sociallymaz,Tue Apr 26 19:40:25 +0000 2022,-0.882951,52.238854,"@daveshrein Hey Dave, yes I‚Äôm a real person. Cake and dog lover too! Rugby fan.Tell me a bit more about you?"
1519038712725880839,craigmills16,Tue Apr 26 19:40:26 +0000 2022,-1.996762,53.3666985,To many missed chances and fucking around at the back
1519038718799196161,VictorG66719714,Tue Apr 26 19:40:27 +0000 2022,-3.032089,53.841189,@Strandjunker READ THE HOLY BIBLE.  AND GO TO A GOOD BIBLE BELIEVING CHURCH...PASTOR VICTOR GOODWIN UK ENGLAND üá¨üáß
1519038721143803905,chrislunday98,Tue Apr 26 19:40:28 +0000 2022,-4.2417514999999995,55.85830249999999,@GeordieGhirl88 @make1tpos1t1ve @BNUSNP @theSNP Thanks for your support Alison. Hope you're doing well üòä
1519038721294745606,DhaswellphotoUK,Tue Apr 26 19:40:28 +0000 2022,-1.7856895,51.5730085,Finish
1519038721403850753,granny_linda,Tue Apr 26 19:40:28 +0000 2022,-4.7979325,55.645424,Boris can't talk without waffling very ill prepared as usual. I was waiting to hear about Peppard pig
1519038728681009153,Scarborough_GB,Tue Apr 26 19:40:29 +0000 2022,-1.2074825,53.9318445,@JillGore8 Sending love x
1519038732552310786,fridge_girl,Tue Apr 26 19:40:30 +0000 2022,-1.149198,50.8088385,@_Naydean Thank you üòä
1519038739942682626,sxout_x,Tue Apr 26 19:40:32 +0000 2022,-4.2417514999999995,55.85830249999999,Buy me a pint at Riding Room tonight from 9pm xoxoxox https://t.co/bWm0Oo6mr0
1519038743960821766,TicsAsh,Tue Apr 26 19:40:33 +0000 2022,-4.9168295,56.166005999999996,This fuckin club. See ya next season @SkyBetChamp üëä #wafc
1519038748331331584,StunnerCurves,Tue Apr 26 19:40:34 +0000 2022,-1.8906405,52.4939665,@DanniePlaymate Some girls do this on the beds: https://t.co/3NCt4Yojks
1519038753083465728,bethprophet_,Tue Apr 26 19:40:35 +0000 2022,-3.2030085,55.9431955,Can‚Äôt even feel excited about barcelona or a November tour because I just feel so sad about life in general
1519038755264413701,DrummerFromFife,Tue Apr 26 19:40:36 +0000 2022,-3.2030085,55.9431955,"@PodcastMovement My friends, my wife and I have a podcast called ""Balls From Outside"". We start with one main topic‚Ä¶ https://t.co/Aw39JcRION"
1519038755943981057,Pantherplayer13,Tue Apr 26 19:40:36 +0000 2022,0.5115780000000001,52.2204505,$ATER üòé
1519038756388548608,microbingle,Tue Apr 26 19:40:36 +0000 2022,-1.3853659999999999,54.8992425,"@plasmidsaurus That sounds like just what I need, but how do you order?"
1519038757453897730,madlings01,Tue Apr 26 19:40:36 +0000 2022,-1.253726,52.374264499999995,@StumpyCatBooks @AnneMcC91238887 @glamourpuss1000 @lisapar12305576 @HHazcat @luzsanti2 @Attitudegrrrl @BonnieG4984‚Ä¶ https://t.co/cqlOLoCy6P
1519038762935848961,anna_newbold,Tue Apr 26 19:40:38 +0000 2022,-1.8906405,52.4939665,@GOWoodward @oftenpartizan Me too
1519038763724333058,chrisphin,Tue Apr 26 19:40:38 +0000 2022,-2.955045,56.476952,@jamesthomson So! Bad! ü§¢
1519038770934390784,NicoleSAtkinson,Tue Apr 26 19:40:40 +0000 2022,-1.1516845,51.524266499999996,@Alipicsie Thanks @Alipicsie - just carb loaded at the pub with some fellow racers and now hoping I can get some sl‚Ä¶ https://t.co/i2ce6rfhhw
1519038776777056257,antronicsltd,Tue Apr 26 19:40:41 +0000 2022,-1.0945885,51.262826000000004,@QuentinWillson What about brake pads?I presume regenerative braking must take some wear off friction linings - so‚Ä¶ https://t.co/4qFaIM3iHr
1519038780317085696,Zenbloke,Tue Apr 26 19:40:42 +0000 2022,-3.2030085,55.9431955,@dan_is_writing @mrjamesob Cool a hate Berxit it's what lost me my previous job a job I actually liked
1519038784171646978,iguanamark,Tue Apr 26 19:40:43 +0000 2022,-0.5701175,51.236420499999994,@giveagradago Good luck @hayley_loves_xx @grannybiker @abirosenewc
1519038784729452550,FulgoreAndMore,Tue Apr 26 19:40:43 +0000 2022,-2.135494,53.2676505,@ChipznStix Amazing how we evolve with our learning especially in this super digital age!
1519038785358602240,Auriga_ZA,Tue Apr 26 19:40:43 +0000 2022,-0.8380555,52.796791,#Norwich Why do you have traffic lights on roundabouts???Oh and I hate the A17!
1519038793407422467,joegodwin_,Tue Apr 26 19:40:45 +0000 2022,-1.172266,52.969719,grow some hair you div @PepTeam
1519038800982384641,marrs_jordan,Tue Apr 26 19:40:47 +0000 2022,-1.5215815,55.0011585,@SunlunAdam He is getting slated on my timeline like.
1519038807865241601,ben_hardy89,Tue Apr 26 19:40:48 +0000 2022,-1.40344,53.046876999999995,Trying not to get too excited and stay calm but sod it it‚Äôs happening ain‚Äôt it #nffc
1519038809819725827,Michael29109661,Tue Apr 26 19:40:49 +0000 2022,-3.2030085,55.9431955,@JohnB_Aberdeen @muirsy1 Census ? What census ??
1519038814441857025,Patkinson6,Tue Apr 26 19:40:50 +0000 2022,-1.1285910000000001,52.923513,Zinc been absolutely class. What a 45 minutes coming up. Come on redsssss
1519038817751244800,GOATangent,Tue Apr 26 19:40:51 +0000 2022,-0.8380555,52.796791,Paul Dickov is the correct answer
1519038819156307968,julianevans11,Tue Apr 26 19:40:51 +0000 2022,-3.1798,51.497001499999996,@premrugbytweets @ScrumQueens Really?? Think you‚Äôre wrong therehttps://t.co/RLdyaUcdnf
1519038821760966658,KeystoneHopeSt,Tue Apr 26 19:40:52 +0000 2022,-2.915427,53.4198785,It's with a heavy heart that we announce the closing of Keystone at the end of this month.Join us this weekend &amp;‚Ä¶ https://t.co/wk1gKoOIwJ
1519038822629224448,DhaswellphotoUK,Tue Apr 26 19:40:52 +0000 2022,-1.7856895,51.5730085,Hi @jiff1967 make sure to look out for me on the ifollow! üòÖüëãüèª
1519038832703946752,DanOgunshakin,Tue Apr 26 19:40:54 +0000 2022,-0.2527539999999999,51.3854455,@HughWoozencroft Seems quite the gamble
1519038833291112448,ewan_brannan,Tue Apr 26 19:40:54 +0000 2022,-4.0086145,55.9423,Obvs on champs league when bet 365 put on a free bet they are down joke man
1519038833823727616,sharonwoma,Tue Apr 26 19:40:55 +0000 2022,-1.172266,52.969719,Watch out for random Omicron text messages from non-NHS sites https://t.co/afGsI4mQxq
1519038835363127296,jamieyorkaspire,Tue Apr 26 19:40:55 +0000 2022,-1.56549,53.801956000000004,"‚ÄòStay committed to your decisions, but stay flexible in your approach‚Äô - Tony Robbins üí™üèΩ#tonyrobbins #qotd #quote"
1519038835509837826,PembrokeSefton,Tue Apr 26 19:40:55 +0000 2022,-2.887282,53.5598375,Building a culture for success
1519038836478783490,15jgilmore,Tue Apr 26 19:40:55 +0000 2022,-1.3853659999999999,54.8992425,"I‚Äôm sorry right, but that first half is on Alex Neil, played right into Rotherham‚Äôs hands. Playing hoof ball agains‚Ä¶ https://t.co/17dNUD1JwF"
1519038841155371008,MichelleMellor_,Tue Apr 26 19:40:56 +0000 2022,-2.7751315,54.068005,There are 1.8 jobs for every job applicant.We‚Äôve learned over the last 2 years that people can be just as producti‚Ä¶ https://t.co/nIiZETDTkq
1519038843734921216,rykoonmesto7,Tue Apr 26 19:40:57 +0000 2022,-3.2030085,55.9431955,@hlscfc @AndyRobsonTips @Willy_T96 They will void it
1519038846519975936,foodfusion2015,Tue Apr 26 19:40:58 +0000 2022,-1.4496120000000001,53.3831645,@mrdanwalker Can never rule out Madrid
1519038847174287361,thepandoramen,Tue Apr 26 19:40:58 +0000 2022,-2.0823392,57.1533127,"Just posted a photo @ Gardenstown, Banffshire https://t.co/utV76y5eig"
1519038847526526978,FizzieLou,Tue Apr 26 19:40:58 +0000 2022,-0.54739,53.220721,@byMorganWright I don‚Äôt write seriously but I know what you mean. I love people watching too.
1519038848252235777,NicPTID,Tue Apr 26 19:40:58 +0000 2022,-1.216432,54.67899,@Keepaneyeoutir2 @Transfer__HQ I hope that's true üòÇüòÇ
1519038853344079872,CarolannMcKni12,Tue Apr 26 19:40:59 +0000 2022,-5.6676009999999994,54.647670500000004,"@isaguor William is so like his mother, Princess Diana, not only as her son, but in his character, his stature, his‚Ä¶ https://t.co/Iq6NB0WH6w"
1519038854988279814,zooooeee_x,Tue Apr 26 19:41:00 +0000 2022,-0.6197330000000001,51.199095,In desperate need of a pet
1519038854908502018,harp105,Tue Apr 26 19:41:00 +0000 2022,-2.0093330000000003,52.514873,@tayz2017 Had write up saying so
1519038858406637568,joegodwin_,Tue Apr 26 19:41:00 +0000 2022,-1.172266,52.969719,i hope they lose
1519038859350355968,AshRobbo11,Tue Apr 26 19:41:01 +0000 2022,-1.1285910000000001,52.923513,I have no nails left already never mine another 45 mins !! #nffc
1519038860281495554,HarryJMcCarthy,Tue Apr 26 19:41:01 +0000 2022,-1.880266,53.62314,"üåπ Really enjoyed speaking to voters today on Longlands Avenue, Longroyd Crescent, and Hawthorn Road this evening.‚Ä¶ https://t.co/UugZnZHn3W"
1519038862596714498,OfficialBoveyFC,Tue Apr 26 19:41:01 +0000 2022,-4.086547,50.3575285,52 minutes and @OfficialBoveyFC back down to 10 players again for 10 minutes. Not really sure what is going on!‚Ä¶ https://t.co/3CM0maXyKc
1519038862642851842,deepestdevon,Tue Apr 26 19:41:01 +0000 2022,-3.2805394999999997,50.7521135,It‚Äôs funny because it‚Äôs true
1519038867558604802,paul_james7,Tue Apr 26 19:41:03 +0000 2022,-3.0466740000000003,53.423567500000004,Mahrez getting hooked off at halftime for not playing foden in üëÄ pep fuming now Madrid back in it.
1519038869198540800,brrttcnln,Tue Apr 26 19:41:03 +0000 2022,-1.2225015,54.5594145,"Finally caught up on Moon Knight, episode 4 is a mindfuck"
1519038872155533317,ROGERSAYER6,Tue Apr 26 19:41:04 +0000 2022,-2.915427,53.4198785,100m 9.52 seconds Sorry bolt https://t.co/ZP0rauEIyA
1519038874428887047,OfficialRTC,Tue Apr 26 19:41:04 +0000 2022,-3.860929,51.716928,"Bravo to the @WelshRugbyUnion for broadcasting the schools,youth and senior finals. Been fanastic to see some grass‚Ä¶ https://t.co/YLDQSNi6dP"
1519038875670220800,LpoolLiveJobs,Tue Apr 26 19:41:04 +0000 2022,-3.00092773,53.41801635,"Senior IT Support - Up to ¬£46,000 - Chorley, Lancashire https://t.co/3ld3Khfn10 - Click to apply #JobsInLiverpool #Jobibo"
1519038883744432128,thecrescent78,Tue Apr 26 19:41:06 +0000 2022,-2.8948824999999996,53.1973495,"@MikeBrown74 @iaindunn1 Little bit too pink, but that‚Äôs not too far off ü§£"
1519038884545548288,ShaneSpitty,Tue Apr 26 19:41:07 +0000 2022,-3.927119,50.997507,The Royal Crescent at Bath https://t.co/yIF5GNrNj3
1519038903558316032,tonydf,Tue Apr 26 19:41:11 +0000 2022,-0.7542615,51.410747,@AndrewButlerNet Diz. I meant ‚ÄúI don‚Äôt think he can count to one‚Äù
1519038903906414592,ATAG_Ian,Tue Apr 26 19:41:11 +0000 2022,0.5115780000000001,52.2204505,@emsiemorris @e_tupling @AndrewGoldson1 @warmyourhome @SNLPlumbing @LeamingtonSBC @morrishgp @AnnaWakes‚Ä¶ https://t.co/RQsUEmR07K
1519038904678109184,jamessmyth17,Tue Apr 26 19:41:11 +0000 2022,-1.570206,55.1801545,"@SiobhanBenita Are these people for real, these are the same scum who have allowed domestic fuel increases of 54%,‚Ä¶ https://t.co/yTFLwm3eGr"
1519038909405175809,WindsorCycleHub,Tue Apr 26 19:41:13 +0000 2022,-0.6315115,51.468569,Keep ‚Äòem peeled!
1519038909270970369,sineadmcfc,Tue Apr 26 19:41:13 +0000 2022,-2.1530009999999997,53.60938,The Clash With Ranking Roger - Police And Thieves (Live in Paris 1981)https://t.co/oeJaoPMQCY#ùêìùê∞ùê®ùêìùê®ùêßùêûùêìùêÆùêûùê¨ùêùùêöùê≤ üèÅüòéüé∂ https://t.co/bv0b1Hxq8C
1519038911166746626,robt1812m,Tue Apr 26 19:41:13 +0000 2022,-2.915427,53.4198785,Absolutely adore Elon. Genuinely an amazing human being.Not many realise but only when we are FREE to share our th‚Ä¶ https://t.co/IW04kdhyb8
1519038913352015878,iguanamark,Tue Apr 26 19:41:13 +0000 2022,-0.5701175,51.236420499999994,@Tenpin_Bowling Good luck @hayley_loves_xx @grannybiker @abirosenewc
1519038916602515459,pmonsss,Tue Apr 26 19:41:14 +0000 2022,-2.9451295,51.346796,@boohoo_cshelp paid for next day delivery and I‚Äôm still waiting now 3 days later üôÉ
1519038917466595328,KirstieMS1,Tue Apr 26 19:41:14 +0000 2022,-1.749261,52.386354,2 days down in my new job. Feels like 4 though ü§£ loving all the new bits fave so far is a walkie talkie. Should I p‚Ä¶ https://t.co/qCB1XzVSJj
1519038918250926087,nffc2009,Tue Apr 26 19:41:15 +0000 2022,-1.1140984999999999,52.985326,@missTyped Mine are history
1519038921337974790,redrum57,Tue Apr 26 19:41:15 +0000 2022,-2.915427,53.4198785,@HackneyAbbott His mother must be shattered.
1519038929361588226,ArthurProtheroe,Tue Apr 26 19:41:17 +0000 2022,-3.382406,51.755396000000005,"@CheekyVic Oh ,yeh!"
1519038937729273857,WillRenners,Tue Apr 26 19:41:19 +0000 2022,-1.56549,53.801956000000004,Just as you're thinking whether Fernandinho might be a weak link coming on at right back he gives Vini Jnr the eyes‚Ä¶ https://t.co/hLCiYIiMs8
1519038938274480132,SCOPEYxo,Tue Apr 26 19:41:19 +0000 2022,0.5115780000000001,52.2204505,@TrollingDoe How donyou know my address ?
1519038938660450304,LynJardineSNP,Tue Apr 26 19:41:20 +0000 2022,-4.200441,57.739454,This is a crucial issue for my ward. To ensure long term sustainable skilled jobs to replace the nuclear power ones‚Ä¶ https://t.co/Lm7dvGUMTl
1519038940849885185,YvonneS74701920,Tue Apr 26 19:41:20 +0000 2022,-2.7164625,53.32798,@chrisbu03352910 Just have to wait until they blossom üå∏
1519038942280048643,LaurenKnight22,Tue Apr 26 19:41:20 +0000 2022,-4.200441,57.739454,@bossteej85 @ScotTories @ScotYoungTories @w2wScotland @RuthDavidsonPC @AndrewRaeburn4 Thank you very much üòäü§ûüéâ
1519038942686945281,mxdeupsmile,Tue Apr 26 19:41:20 +0000 2022,-3.4363475,51.6954995,@Lucaswoodland Imagine a show where you play it in full though üòç
1519038947640414208,TheSamuelDeakin,Tue Apr 26 19:41:22 +0000 2022,-1.76682,53.8159335,"I just fired a confetti canon over Black Lace singing Agadoo, in front of an audience containing a Norwegian Eurovi‚Ä¶ https://t.co/bLsqXnaski"
1519038950605832192,BrambleMum,Tue Apr 26 19:41:22 +0000 2022,-1.5576560000000002,53.1406085,@SteveDavies01 @kokeshimum @MsQuinnHistory @BootstrapCook They do a caramel one??
1519038957320916993,cacharles123,Tue Apr 26 19:41:24 +0000 2022,-1.172266,52.969719,What a assist from cooper. #nffc
1519038957635485697,LEE74656,Tue Apr 26 19:41:24 +0000 2022,-0.9820305,51.452524,@benjaminbutter @elonmusk Why should he world poverty?! It's his money. He's wants to buy @Twitter then why not?
1519038959912902656,DavidHindmarsh7,Tue Apr 26 19:41:25 +0000 2022,-1.3853659999999999,54.8992425,"We need to grasp a semblance of control in midfield, we‚Äôre getting totally overran"
1519038960303063042,madlings01,Tue Apr 26 19:41:25 +0000 2022,-1.253726,52.374264499999995,@BonnieG4984 @AnneMcC91238887 @glamourpuss1000 @lisapar12305576 @HHazcat @luzsanti2 @Attitudegrrrl @StumpyCatBooks‚Ä¶ https://t.co/lnUXULw6d0
1519038962123395074,paul_montague,Tue Apr 26 19:41:25 +0000 2022,-1.0115295,50.910035,@IntoBrake Thorpe park. Stealth is just as good every time https://t.co/2N7fOf9nbv
1519038968804880384,AdamConlon15,Tue Apr 26 19:41:27 +0000 2022,-2.23348,53.4569525,@UKLabour Oops even more awkward!!! #BackBoris for lower #counciltax in #conservative areas esp when #sadiqkhan put‚Ä¶ https://t.co/FEGUFY0EPT
1519038971745026048,1975CONGO,Tue Apr 26 19:41:27 +0000 2022,-4.3948625,55.8006515,Class
1519038973624168448,tru_red,Tue Apr 26 19:41:28 +0000 2022,-1.623261,54.370781,@deanhewitt7781 @Charlie86963976 Well done lads üëç
1519038974152617984,M__Griffiths,Tue Apr 26 19:41:28 +0000 2022,-2.915427,53.4198785,@henrywinter Yellow card incoming
1519038976040046592,coll_wild,Tue Apr 26 19:41:28 +0000 2022,-2.4695394999999998,56.719006,@Nicolafaddy Same
1519038976258101256,Dhray__,Tue Apr 26 19:41:28 +0000 2022,-3.2030085,55.9431955,Commentator mistaking Man city for Man united and calling them united shows city's status as a club üòÇ
1519038978879627268,neversensible69,Tue Apr 26 19:41:29 +0000 2022,-1.7856895,51.5730085,@FGRFC_Official Fair play to the fans. üëè
1519038980800630786,maccabcafc,Tue Apr 26 19:41:30 +0000 2022,-1.7610014999999999,53.755841000000004,"Wednesday sort it out, we want Fleetwood not Gillingham"
1519038987465334784,SEANYDAY,Tue Apr 26 19:41:31 +0000 2022,0.5115780000000001,52.2204505,@cop_ish Hang on in there buddy! I‚Äôm sure that you‚Äôve had worse days. Dig deep and go again! üëä
1519038988492935174,AlSmith_tykemad,Tue Apr 26 19:41:31 +0000 2022,-1.4727815,53.5583015,@dougokane88 @chloedale5678 Awful 45
1519038990091005954,greggislocallfc,Tue Apr 26 19:41:32 +0000 2022,-2.915427,53.4198785,@Ifcishaan Will I ever get bitches?
1519038994339741702,TheBluestStar,Tue Apr 26 19:41:33 +0000 2022,-1.5186514999999998,52.411913,@notenoughcrows @sbxate I wouldn't choose him
1519038995497459712,indiemaid68,Tue Apr 26 19:41:33 +0000 2022,-5.075986,50.415572499999996,@PenHitsPaper I‚Äôm good too üôè ups n downs but today was all about Anais ü•∞
1519038997686800390,SuzanneFindler,Tue Apr 26 19:41:34 +0000 2022,-2.1540125000000003,53.0193965,@lizrossauc Do you use these in theatres at RSUH? I need to come in to theatre to see the fantastic work you do
1519038997716246535,sociallymaz,Tue Apr 26 19:41:34 +0000 2022,-0.882951,52.238854,@daveshrein @NeptuneMoon @LauraTroyani @timothyjjensen @Social_Valkyrie @binghott @Meganljtaylor @CurlyGirlAnkita‚Ä¶ https://t.co/7WZiKTOTBS
1519038999800729601,LUBOttom,Tue Apr 26 19:41:34 +0000 2022,-1.1703515,50.851062999999996,"The show is bloody awful, but how is having a trans woman there by her own choice, showing her naked body to strang‚Ä¶ https://t.co/JmJjSy3XHu"
1519039000429924358,FrontlineLH,Tue Apr 26 19:41:34 +0000 2022,-1.4813515000000002,52.516656999999995,"@Shaw1877 @EpicMilitaria @TerrierMcD @sommecourt @almurray Jim @Shaw1877 is the perfect new owner of this book,‚Ä¶ https://t.co/efZsKORliQ"
1519039001667190784,rykoonmesto7,Tue Apr 26 19:41:35 +0000 2022,-3.2030085,55.9431955,@AskPaddyPower Is it a justice refund tho?  It should just be guaranteed if it‚Äôs before Ht
1519039003273699331,GreyhoundRFife,Tue Apr 26 19:41:35 +0000 2022,-4.200441,57.739454,"Decibel is a friendly girl,loves lots of attention &amp; is affectionate.She loves #Zoomies with pals &amp; walks great on‚Ä¶ https://t.co/dA9oUPSAab"
1519039011028758528,CaitAFulton,Tue Apr 26 19:41:37 +0000 2022,-4.200441,57.739454,@StillWeSendIt League of our own
1519039015101636608,RobbieOHare,Tue Apr 26 19:41:38 +0000 2022,-2.764813,53.4140275,That was a poor captains armband change there by @ManCity . Nowhere near as good and professional as @LFC is betwee‚Ä¶ https://t.co/7wEbNEOeq9
1519039021447626757,chrislunday98,Tue Apr 26 19:41:39 +0000 2022,-4.2417514999999995,55.85830249999999,@Sheilam19534814 @Douglas4Sandra @BNUSNP @theSNP It was a lovely weekend ‚òÄÔ∏è. Hopefully it stays dry for polling day ü§û
1519039021707665408,ROGERSAYER6,Tue Apr 26 19:41:39 +0000 2022,-2.915427,53.4198785,Timed round to the shop üòÇüëå
1519039021992890369,DeborahTaylor3,Tue Apr 26 19:41:39 +0000 2022,-1.4496120000000001,53.3831645,@rachjuramirez What crisis?
1519039024530345986,warrior_amira,Tue Apr 26 19:41:40 +0000 2022,-0.2527539999999999,51.3854455,This time next year‚Ä¶‚Ä¶.!
1519039024500981763,ianbinnington,Tue Apr 26 19:41:40 +0000 2022,-2.915427,53.4198785,Graduation finally üë©‚Äçüéìüéìüçæüçªü•Çüëè Fantastic day at Liverpool cathedral for LGMU graduation of MSc Advanced Clinical Pract‚Ä¶ https://t.co/7mIvLSb5Am
1519039029743869955,therealphils,Tue Apr 26 19:41:41 +0000 2022,-4.0016169999999995,52.404436,@OddsOnFPL I went to the Youth CL game against Dortmund and Fernandez really impressed me. Some exciting young play‚Ä¶ https://t.co/Dup7ISc5Il
1519039031002247168,stanburnett5,Tue Apr 26 19:41:42 +0000 2022,-1.641241,54.9438585,"@laureng5783 Don't do things because you think people might like you better, be what makes you happy, not everyone‚Ä¶ https://t.co/jWSRN9bXDz"
1519039032004694022,Privatenugget2,Tue Apr 26 19:41:42 +0000 2022,-0.6114635,52.3277705,@rachjuramirez Ask the people who just sold it what they are doing with the 44billion.
1519039039956992000,jg73671254,Tue Apr 26 19:41:44 +0000 2022,-2.3495665,53.475303499999995,@AmbassadorAries Have a Wonderful day Aries through those pretty Green eyes üëÄüêà‚Äç‚¨õüñ§you‚Äôll see so many Wonderful thing‚Ä¶ https://t.co/w00sxZIJeL
1519039044537266178,H_is_running,Tue Apr 26 19:41:45 +0000 2022,-1.574246,52.2802965,@kennedy107 @EssexRunner75 @SMillbery Think that can be forgiven tbh
1519039047053844481,Saffa_Gooner,Tue Apr 26 19:41:45 +0000 2022,-0.5488355,51.316522,"@Saffa_Gooner Hey Eddie, I'm taking the Number 9 jersey next season, and your celebration.#afc #arsenal https://t.co/zPTJDvUKWq"
1519039048630870018,BrownieLB_1,Tue Apr 26 19:41:46 +0000 2022,-5.478183,50.2024915,@ROBMER It was here all day
1519039057413746693,ihnewman,Tue Apr 26 19:41:48 +0000 2022,-1.004184,54.0892365,Oink oink piggy raw #MasterChefUK
1519039058747576322,JKJeonEuphoria,Tue Apr 26 19:41:48 +0000 2022,-2.0093330000000003,52.514873,"Had this in my bag since my course earlier, forgot to drink it earlier and due to the fact that cherries cause my m‚Ä¶ https://t.co/Klgl3w9OuH"
1519039062254010368,wetgaz1329,Tue Apr 26 19:41:49 +0000 2022,-3.452863,56.06718,@brian232629 Sorry for your loss Brian üíî. You have my condolences üò¢üò¢üò¢
1519039063847849984,mattguest90,Tue Apr 26 19:41:49 +0000 2022,-1.683398,52.6221095,@AVFCOfficial @JacobRamsey28 2nd one vs Leeds üöÄüî•
1519039064053370880,RichardsonRuthy,Tue Apr 26 19:41:49 +0000 2022,-1.4707785,52.915530000000004,"I delivered Roma awareness training recently. Really positive feedback from across all the learners, including this‚Ä¶ https://t.co/t6udbs094i"
1519039065550643200,ottleyoconnor,Tue Apr 26 19:41:50 +0000 2022,-2.1530009999999997,53.60938,"@gfreeman2012 @Headteacherchat @TwitterSpaces @fcsafeguarding Sadly, I agree Garry"
1519039066406277120,FizzieLou,Tue Apr 26 19:41:50 +0000 2022,-0.54739,53.220721,@girl_merc Happy Birthday! üçæ
1519039068927053824,Tanktoptom2,Tue Apr 26 19:41:51 +0000 2022,-1.6453615,54.9920555,@Iromg Well somebody loves you
1519039072144134145,EthanOsafc,Tue Apr 26 19:41:51 +0000 2022,-1.3853659999999999,54.8992425,@SunlunAdam Yeh probably harsh but he‚Äôs been very poor off the pace totally
1519039076145446914,ronanburke22,Tue Apr 26 19:41:52 +0000 2022,-5.928413,54.595869,"Last but not least. Key battleground for the centrist parties with SDLP, APNI &amp; UUP looking to scoop up the BT9 vot‚Ä¶ https://t.co/lCjM3IWkDd"
1519039081832980480,PtsColes,Tue Apr 26 19:41:54 +0000 2022,-2.501393,51.3053355,@SpackersSports @FootySuperTips They aren‚Äôt clear cut chances.
1519039083900817409,SrHoodwink,Tue Apr 26 19:41:54 +0000 2022,-3.5243905,55.898835500000004,Easy money ü•≥ https://t.co/gp76HpHGzQ
1519039087633653766,rykoonmesto7,Tue Apr 26 19:41:55 +0000 2022,-3.2030085,55.9431955,@AskPaddyPower @WilliamHill will you be doing the same
1519039099889405954,greggislocallfc,Tue Apr 26 19:41:58 +0000 2022,-2.915427,53.4198785,@LcfcLeejon He‚Äôs not in a Liverpool shirt?
1519039101953052677,AdyGoodrich,Tue Apr 26 19:41:58 +0000 2022,-1.13067,52.6262635,@TediousTit Still time to find that dream occupation!
1519039104117358595,gazza_d,Tue Apr 26 19:41:59 +0000 2022,-1.4407025,54.977920499999996,@_MMaritima @KarlOnSea @WilliamNB @chrisgerhard @Twitter Good. Us armchair tourists rely on content from people lik‚Ä¶ https://t.co/kArDBGVgyq
1519039106948468736,mickycarbine69,Tue Apr 26 19:42:00 +0000 2022,-1.827089,53.8323135,@ElvidgeBradley I will take your advice as a trusted friend old pal üëç
1519039108970160132,ThomasAmnesiac,Tue Apr 26 19:42:00 +0000 2022,-5.928413,54.595869,"Amazing work, Smo. üëèüëèüëè"
1519039111058886659,MissDonnaCooke,Tue Apr 26 19:42:01 +0000 2022,-2.298134,52.84709,Only one of these people have a history of domestic violence and it isn't Johnny DeppAmber Heard is one vile and‚Ä¶ https://t.co/Jijh3O3yNl
1519039118486953986,rabjourno,Tue Apr 26 19:42:02 +0000 2022,-3.2030085,55.9431955,@MIkef45 What greatest hits?
1519039118415736837,Tori_Doll_,Tue Apr 26 19:42:02 +0000 2022,-2.8948824999999996,53.1973495,"@Charlee_W @OTalk_ And the answer is ‚Ä¶ you can‚Äôt. We KNOW the added value and impact, but those commissioning the s‚Ä¶ https://t.co/ugBfXDoOTJ"
1519039127748026368,wooliferkins,Tue Apr 26 19:42:05 +0000 2022,-1.4250895,51.5888575,Greggggg patently never been to Malasia/North India/Thailand where everything has an egg with it #MasterChef
1519039127911645185,ClareYoungy2,Tue Apr 26 19:42:05 +0000 2022,-1.2074825,53.9318445,Amazing professional photo from Sundays pleasure ride #equestrian #horsegirl #happy https://t.co/XloOOHH1G3
1519039131518709761,stanburnett5,Tue Apr 26 19:42:05 +0000 2022,-1.641241,54.9438585,"@DSR_F11 Me three ,!"
1519039131451539462,livesey99,Tue Apr 26 19:42:05 +0000 2022,-2.3495665,53.475303499999995,@pompey_geez_1 #wafc will win the league and you won't learn to write properly but here we are.
1519039132353323009,MMalacrino,Tue Apr 26 19:42:06 +0000 2022,-2.0964384999999996,53.470437000000004,@Nigel_Farage All that money you have buy decent furniture ha ha
1519039132764450817,SPhinbow,Tue Apr 26 19:42:06 +0000 2022,-1.185166,52.950548,Partaying with the Irish &amp; the Geordies‚Ä¶. We all know how this‚Äôll end up! @BGSTransfusion :) https://t.co/78cX0e86Hd
1519039134584692737,madlings01,Tue Apr 26 19:42:06 +0000 2022,-1.253726,52.374264499999995,@AnneMcC91238887 @StumpyCatBooks @glamourpuss1000 @lisapar12305576 @HHazcat @luzsanti2 @Attitudegrrrl @BonnieG4984‚Ä¶ https://t.co/MWRvXkW2Rp
1519039135536848897,DrRebeccaJones1,Tue Apr 26 19:42:06 +0000 2022,-3.208461,55.746464,"@CaraJones82 Hope it went well, sorry to miss it!"
1519039135868231680,mickwolf1969,Tue Apr 26 19:42:07 +0000 2022,-0.7377640000000001,51.6178435,@clarfrancess Well tiny cock probably more his ratio‚Ä¶
1519039142675599361,BatthewMailey,Tue Apr 26 19:42:08 +0000 2022,-4.0016169999999995,52.404436,"@DapperWatches @Rob_NBF Hi, so athletic burnout can be identified by a sports psychologist if a person shows indica‚Ä¶ https://t.co/3rJUJ5Ch5c"
1519039143459835906,jonesy1007,Tue Apr 26 19:42:08 +0000 2022,-2.7621095,52.715233,"@DavvaHill Thanks Dave, Astro 101 üòÄ"
1519039144957296640,BradleyStaunch,Tue Apr 26 19:42:09 +0000 2022,-1.216432,54.67899,"@chrissywhelan Gattuso - ‚ÄúSometimes maybe good, sometimes maybe shit‚Äù"
1519039145829707778,DirtyLyle,Tue Apr 26 19:42:09 +0000 2022,-1.1835235,52.903548,Gift wrapped them their goals. It‚Äôs all so very Wednesday. #swfc #WAWAW
1519039146664284160,LucyGundry,Tue Apr 26 19:42:09 +0000 2022,-2.5853900000000003,51.457876999999996,@esmelucy23 I am so sorry to hear this Frances god bless your daughter you and your family. Always know that your d‚Ä¶ https://t.co/W1bH0byWqZ
1519039146781810691,AdamConlon15,Tue Apr 26 19:42:09 +0000 2022,-2.23348,53.4569525,Absolutely #Starmergate as a whole is bigger and more damaging than #Partygate ever could be #BackBoris
1519039150426673152,FrontlineLH,Tue Apr 26 19:42:10 +0000 2022,-1.4813515000000002,52.516656999999995,@EpicMilitaria @Shaw1877 @TerrierMcD @sommecourt @almurray Excellent result and the perfect new home!
1519039152318259209,BrownieLB_1,Tue Apr 26 19:42:10 +0000 2022,-5.478183,50.2024915,@andy_ppc I was white a few weeks ago ü§£ x
1519039154570547200,julianevans11,Tue Apr 26 19:42:11 +0000 2022,-3.1798,51.497001499999996,"@keellelectrical A5 The contract I‚Äôm involved with at the moment, yes, all the time."
1519039166193016835,sainteeness,Tue Apr 26 19:42:14 +0000 2022,-4.2219125,57.471961,@sheepio Good evening üôÇ https://t.co/udmGMsSiQ6
1519039167082213379,MissSavage88,Tue Apr 26 19:42:14 +0000 2022,-4.0311015,55.859916,Goosebumps üò¢üòçü§©üî•
1519039171259777024,LisseyHolmes,Tue Apr 26 19:42:15 +0000 2022,-3.927119,50.997507,Thank you @Sales_Aster ü•∞‚ò∫Ô∏èüëçüèª #itsansothing #sharedownership https://t.co/2myRu691zm
1519039174787190791,GlitterKingx,Tue Apr 26 19:42:16 +0000 2022,-2.653238,53.543454,I‚Äôll tell you another thing an all x We need like a grindr that‚Äôs actually for meeting cute queer people. I‚Äôm tired‚Ä¶ https://t.co/iIEvuO5Vjz
1519039175361708033,RobSandilands,Tue Apr 26 19:42:16 +0000 2022,-2.7751315,54.068005,"@chriscardinal7 Should be a game changer Chris, only fitted it today, so we‚Äôll see how we go üëç"
1519039175957360643,greg_curious,Tue Apr 26 19:42:16 +0000 2022,-3.2030085,55.9431955,@IkaFerrerGotic Nats are getting found out.Half way through their 2nd decade in power and things keep getting worse.
1519039186384429057,joemuggs,Tue Apr 26 19:42:19 +0000 2022,-1.5420615,50.783814,Still good.
1519039191925014531,GingertrevTrev,Tue Apr 26 19:42:20 +0000 2022,-3.2539455,54.985195,@Smicht Yes. I do hope that library is still there.
1519039193254617090,Larrylopez69,Tue Apr 26 19:42:20 +0000 2022,-2.23348,53.4569525,Boom!!!! https://t.co/dVobwNjKll
1519039194135420930,andysteelehull,Tue Apr 26 19:42:20 +0000 2022,-0.5612725000000001,53.7289575,We won the league with 89 points last year. Glad we‚Äôre not trying to get out of League One this year!#hcafc https://t.co/eSWRgbcRso
1519039197830647813,EmJH17,Tue Apr 26 19:42:21 +0000 2022,-1.771019,51.564802,Allowing @Ebouadams time to break his fast during tonight's game #Ramadan #respect @FGRFC_Official @SkyBetLeagueTwo
1519039200104001540,Tim_Arnold1977,Tue Apr 26 19:42:22 +0000 2022,-1.1140984999999999,52.985326,@Smamfa75 @garland_briggs Probably needs nanny to change it for him.
1519039203518128129,Shelly_nufc,Tue Apr 26 19:42:23 +0000 2022,-2.2875995,52.330014500000004,Night night everyone I'm badly in pain I've just taken my pain medications and other medications I hope you all hav‚Ä¶ https://t.co/aJQKFz2xpS
1519039206726766601,Greeney73570937,Tue Apr 26 19:42:23 +0000 2022,-2.915427,53.4198785,Mad the way the shite had 14 corners and we had one and the one we had was the only one ref came over to check it was behind the line üòÇüòÇ
1519039208178044931,hg1fcum,Tue Apr 26 19:42:24 +0000 2022,-1.541876,53.991231,"@jonathanallsopp @reddfredd @dflaverty Hednesford was mental, before, during and after, police dogs on the pitch at‚Ä¶ https://t.co/32cdeVyWvy"
1519039209608204290,wesinjapan,Tue Apr 26 19:42:24 +0000 2022,-2.915427,53.4198785,@willmenaker @Trillburne Congratulations
1519039212607074304,3EyedTiger,Tue Apr 26 19:42:25 +0000 2022,-4.0016169999999995,52.404436,I didn't do itNothing funny going on here#caerphilly https://t.co/H7ZcbnIdhR
1519039213970366466,bigheartwl,Tue Apr 26 19:42:25 +0000 2022,-3.51538528,55.88381649,Just posted a photo @ Kidzeco - Livingston https://t.co/w9EhWLqAXp
1519039214251298824,ZaphCamden,Tue Apr 26 19:42:25 +0000 2022,-2.1270405,57.160556,@archivetvmus71 The future Doctor looking a lot like the present one there.
1519039214716915715,RadarLanark,Tue Apr 26 19:42:25 +0000 2022,-3.7691675,55.6740375,@Grant_Colgate @schnorks If you were unconscious you really aren't.
1519039215702532096,H_is_running,Tue Apr 26 19:42:26 +0000 2022,-1.574246,52.2802965,@_Mirror_man Roasted cauliflower is a good snack
1519039215731945478,SnapperIan,Tue Apr 26 19:42:26 +0000 2022,-2.846978,53.599688,It‚Äôs official Santa is 92 today happy birthday to the best dad there is @kenr30 https://t.co/04agzwrx9K
1519039216742801412,Dawnletsfaceit,Tue Apr 26 19:42:26 +0000 2022,-1.6897715,54.8700835,"Exciting times and a great  safe place for the public to research treatments, questions to ask and find safe regist‚Ä¶ https://t.co/mNCQzwPbGr"
1519039217078312961,kellietext,Tue Apr 26 19:42:26 +0000 2022,-1.4496120000000001,53.3831645,@TreesAreMyLife2 @WeAreWST It wasn't me...! ü§™
1519039218059825156,durrell_debbie,Tue Apr 26 19:42:26 +0000 2022,-3.927119,50.997507,"The trouble is, when you want to save everything and everyone, sometimes you can't, and I'm not very good at that b‚Ä¶ https://t.co/QRthEIN8gX"
1519039217694875650,beakybox,Tue Apr 26 19:42:26 +0000 2022,-3.0044560000000002,53.4698505,ANN WALKER PROTECTION SQUAD ASSEMBLE #annwalker #sophierundle #gentlemanjack https://t.co/xpmwCQYbmu
1519039227098456064,ShaneSpitty,Tue Apr 26 19:42:28 +0000 2022,-3.927119,50.997507,The circus at Bath https://t.co/KPwjI8AOtT
1519039230655279105,LukeRowles,Tue Apr 26 19:42:29 +0000 2022,-2.058754,51.943121500000004,"@BoneheadsPage Having being diagnosed with it myself in March '20 (tonsils, spread lymph node in neck) I wish you a‚Ä¶ https://t.co/WlfabR6iOT"
1519039233243164672,Sharifahlee4,Tue Apr 26 19:42:30 +0000 2022,-0.5925995,51.514694500000004,@tootler74 @mattdechaine @Toriaclaire @KindnessCoach_ @TeacherPaul1978 @pennywpennyw @shamtchK @Alienwife99‚Ä¶ https://t.co/VD37I5gWpv
1519039233377423367,VonnSand,Tue Apr 26 19:42:30 +0000 2022,-4.2417514999999995,55.85830249999999,Imagine having all the tools of government at your disposal to make the country the best version that you can imagi‚Ä¶ https://t.co/KHjKAFj2rl
1519039234274996224,theOfficeRabbit,Tue Apr 26 19:42:30 +0000 2022,-2.2338195,53.3236095,"@LolInKent This looks brilliant - I was going to try the library as well, and send Mr OR to collect."
1519039243296944131,speedyred711,Tue Apr 26 19:42:32 +0000 2022,-1.2301575,52.924444,@zachparkerboxer Did you tell him derby took 22k to a home game
1519039244022517760,CigDewiJames,Tue Apr 26 19:42:32 +0000 2022,-4.6611251,52.08201,"BBQ Time üòéüíØWith the weather being so good we've opted for a good BBQ meat display this week, with plenty of choic‚Ä¶ https://t.co/7tSF1BvgOg"
1519039244798504963,Idoneyermum,Tue Apr 26 19:42:33 +0000 2022,-0.5488355,51.316522,Is this a cry for help?
1519039251328946177,JMarshallEvents,Tue Apr 26 19:42:34 +0000 2022,-3.446743,50.5992705,"@NDHuntSabs This is sickening. I‚Äôm disheartened that this continues, and my heart breaks for the poor frightened cr‚Ä¶ https://t.co/pT5LHcx7W5"
1519039252310511617,xlovelingx,Tue Apr 26 19:42:34 +0000 2022,-2.0,54.0,~ my first Indian wedding!So honoured to be part of my wifey @jasmineb_90 special day!! @ United Kingdom https://t.co/8C7hhjfeT5
1519039252402741248,RyanCarlin,Tue Apr 26 19:42:34 +0000 2022,-5.928413,54.595869,Great canvass in Upper Malvern tonight in the Four Winds. Momentum building for real change on 5th May. Let‚Äôs make‚Ä¶ https://t.co/2Gr3J7ySw3
1519039254487314434,ForestFanBase,Tue Apr 26 19:42:35 +0000 2022,-1.172266,52.969719,@kanegoswell We should we should fear no one.
1519039257930866688,muchmoresocial,Tue Apr 26 19:42:36 +0000 2022,-1.4099895,52.571161000000004,"@_njwebster @hellosocialLdn @digita1women Ooh yes, that would be awesome #SocialMumsHour"
1519039258882936832,SeanGleeson7,Tue Apr 26 19:42:36 +0000 2022,-0.6419345000000001,53.5898885,Bet365 is a fucking joke üòÖ
1519039260619325440,jasonnlouise,Tue Apr 26 19:42:36 +0000 2022,-2.653238,53.543454,@bet365 what's happening can't get on can't cash out costing me money #bet365
1519039265639968769,Nick4125,Tue Apr 26 19:42:37 +0000 2022,-2.056257,52.4561775,@MiniazzaMe @VaxxManiac @skezzas @RockabillyJive @TomSyvret Or they are just shit as they always have been.
1519039266562654209,wearyprovo,Tue Apr 26 19:42:38 +0000 2022,-3.738247,56.154629,@fenion_karen Naw Karen mountain bikes for super strong me ü§™ü§£üíö
1519039269217656832,WendyBe54745206,Tue Apr 26 19:42:38 +0000 2022,-3.2030085,55.9431955,@VicNicSNP @EdinburghSNP @EdinCentralSNP Sad folks vote conservative
1519039270564024321,artsytype_83,Tue Apr 26 19:42:39 +0000 2022,-2.538007,53.593442499999995,@cherylallright Looking gorgeous üòç
1519039270295584768,ProfSyK,Tue Apr 26 19:42:39 +0000 2022,-2.5853900000000003,51.457876999999996,I do like Bristol https://t.co/WsJGbGmTJY
1519039272195657730,craigshearer70,Tue Apr 26 19:42:39 +0000 2022,-2.955045,56.476952,@PaulMathieson10 @SPhinbow Messy writing is a sign of hyper intelligence‚Ä¶. #JustSayin
1519039274766815236,tonydf,Tue Apr 26 19:42:40 +0000 2022,-0.7542615,51.410747,@davidqhog @AndrewButlerNet Soz. I meant ‚ÄúI don‚Äôt think he CAN count to one‚Äù
1519039276616491008,Philwalkercomic,Tue Apr 26 19:42:40 +0000 2022,-3.039166,53.44028,Huge thanks to the brilliant @JasonManford for having me in to support him on his tour tonight in New Brighton. Wha‚Ä¶ https://t.co/uK2aFpq4Au
1519039278709456897,wreckitralfutd,Tue Apr 26 19:42:41 +0000 2022,-1.5255295,54.9019095,All these free ¬£5 bets has closed app down @bet365 üòÇüòÇ
1519039285718048769,AlwaysRangers55,Tue Apr 26 19:42:42 +0000 2022,-4.2417514999999995,55.85830249999999,@northlondonbear @RangersFC @EuropaLeague Working late and won't make it out thereAnywhere in Hampstead that he wo‚Ä¶ https://t.co/EUme13r6tH
1519039288679276545,acailler,Tue Apr 26 19:42:43 +0000 2022,-2.23348,53.4569525,@si88 Probably a good thing I can't get to the list on my phone...
1519039296392601602,madlings01,Tue Apr 26 19:42:45 +0000 2022,-1.253726,52.374264499999995,@HHazcat @AnneMcC91238887 @glamourpuss1000 @lisapar12305576 @luzsanti2 @Attitudegrrrl @BonnieG4984 @StumpyCatBooks‚Ä¶ https://t.co/VkNqhqP5Ws
1519039297424347138,warrior_amira,Tue Apr 26 19:42:45 +0000 2022,-0.2527539999999999,51.3854455,@James14840315 I‚Äôm always happy to know that I‚Äôve made someone smile‚Ä¶laughter can sometimes be just the thing
1519039297051049984,grocer_on_green,Tue Apr 26 19:42:45 +0000 2022,-3.5148764999999997,50.72094,@DevonFoodHour @OMBExeter Looks scrummy @DevonFoodHour !Had some little haddock fillets to use up (from‚Ä¶ https://t.co/zafqiSfhXU
1519039301757149186,caitlindenton01,Tue Apr 26 19:42:46 +0000 2022,-1.4727815,53.5583015,@TykeGage @chloedale5678 Thankyou! Xx
1519039311252963328,StonesCottages,Tue Apr 26 19:42:48 +0000 2022,-4.0016169999999995,52.404436,There ain't no party like a shield bug party.#hairyshieldbug #shieldbug #wholelottabugs #TwitterNatureCommunity‚Ä¶ https://t.co/IOQpuMYpUE
1519039313811542016,JimmysChippy,Tue Apr 26 19:42:49 +0000 2022,-2.3807945,53.772616,@luced42 Well don‚Äôt you be switching it back on!
1519039314843344896,justinb0905,Tue Apr 26 19:42:49 +0000 2022,-3.1882770000000002,51.591828,"Midfield looked tired at the end of the half, put a great shift in. 2nd wind now boys! üí™"
1519039315405385729,L_ofaGaybia,Tue Apr 26 19:42:49 +0000 2022,-2.264325,53.7942165,@DOPreston @jemspeedshop1 omg FUN bags! üíÉüèª
1519039315774431232,Sm0ggs,Tue Apr 26 19:42:49 +0000 2022,-1.120205,54.577076000000005,Djed Spence to Bayern Munich in the summer. Watch this space üëÄ
1519039315073974280,MrIGardiner,Tue Apr 26 19:42:49 +0000 2022,-3.1641,51.464774,Yesterday I celebrated PGCE #class2021 @cardiffmet graduation. Being a part of the profession that shapes all other‚Ä¶ https://t.co/etZLuIn5II
1519039320761503744,GilboGraham,Tue Apr 26 19:42:51 +0000 2022,-0.7277635,53.754509999999996,Forest up automatically and Luton from play offs would be quality üëå
1519039322887966725,jamespa98970524,Tue Apr 26 19:42:51 +0000 2022,-4.2417514999999995,55.85830249999999,@iainmunn @bwmorrison1970 @stonefoundation @NeilSheasby Me and @Dmilne88Douglas might do a road trip
1519039329045295108,GreyhoundRFife,Tue Apr 26 19:42:53 +0000 2022,-4.200441,57.739454,Alpacino is a handsome medium sized boy. He is popular with fellow hounds &amp; affectionate too. Kennelled with his si‚Ä¶ https://t.co/sD2NH84W9c
1519039330177761281,CarlRamboWilson,Tue Apr 26 19:42:53 +0000 2022,-1.13936,53.517648,@CaptainMiou @YouTube Are gonna be playing it tomorrow?
1519039334053199872,tomjoneschester,Tue Apr 26 19:42:54 +0000 2022,-2.8948824999999996,53.1973495,@SamRowlands_ @BorisJohnson @PenderynWhisky Will look forward to reaping the benefits of his commitment to North Wales
1519039334288171009,KozukiJidono,Tue Apr 26 19:42:54 +0000 2022,-2.124442,52.493733500000005,This tweet right fucking here üëèüèæ
1519039335428939776,Axljibin,Tue Apr 26 19:42:54 +0000 2022,-2.23348,53.4569525,DC Entertainment: Remove Amber Heard from Aquaman 2 - Sign the Petition! https://t.co/0i4yC1p1El via @UKChange
1519039337538723840,Simonvib,Tue Apr 26 19:42:55 +0000 2022,-0.5830245000000001,51.40294,Still true!
1519039339598127104,Mrs_Locky,Tue Apr 26 19:42:55 +0000 2022,-1.2074825,53.9318445,@GemBobe @SophiecBobe @bonnieandbetty1 Fingers crossed gorgeous boy! ü§û‚ù§Ô∏è
1519039341036724225,Gittinsssssssss,Tue Apr 26 19:42:55 +0000 2022,-1.172266,52.969719,"@LewisTabreham Agree Tabe, 45 mins about to feel like 45 days."
1519039342412537857,Lidds84,Tue Apr 26 19:42:56 +0000 2022,-1.4949325,51.2128565,@ffcwadey @Laura_Rads Both.
1519039342471172097,HarrietJEdgar,Tue Apr 26 19:42:56 +0000 2022,-1.6453615,54.9920555,Are carrot sticks the best snack? Yes or hell yes? Closely followed by celery stick with a sprinkling of salt üòç
1519039343016484866,L17aamLiam,Tue Apr 26 19:42:56 +0000 2022,-1.5685955,54.941545000000005,"@CompanySuisse @elonmusk If he doesn‚Äôt get back to you, send it owa here üòú"
1519039347588280321,RoseHill797,Tue Apr 26 19:42:57 +0000 2022,-3.1798,51.497001499999996,@jeni_parsons @jameshenley @EastCardiffMA Oh no! Xxx
1519039350071308291,lovleylisadee,Tue Apr 26 19:42:58 +0000 2022,-1.0853245,53.9662065,@pourmeavino Ooh dipdabs.....thanks not tryed snorting that yet ü§¶‚Äç‚ôÄÔ∏èü§£üòò
1519039353724588034,15jgilmore,Tue Apr 26 19:42:58 +0000 2022,-1.3853659999999999,54.8992425,"@HughesJoe94 Well he needs to get the message across clearly, because surely he can see we‚Äôre much better than Roth‚Ä¶ https://t.co/WcJJ9MjVew"
1519039354865438730,PaulGreenTPB,Tue Apr 26 19:42:59 +0000 2022,-1.7396195,55.1314185,"Watching Skyfall,  again. How come in such films the stars phone never has a flat battery at crucial times?"
1519039356475957249,PaulBarbz2479,Tue Apr 26 19:42:59 +0000 2022,-1.7874955,52.447226,Forza horizon 5 is a different level üíØüëä
1519039356866121728,MattTakeTwo,Tue Apr 26 19:42:59 +0000 2022,-0.7150815,53.443402,@richardrover78 We selling?
1519039358136954881,sociallymaz,Tue Apr 26 19:43:00 +0000 2022,-0.882951,52.238854,"@_njwebster Absolutely, am watching bake off and it‚Äôs all buns, buns, buns!"
1519039360263503879,lordofwaz,Tue Apr 26 19:43:00 +0000 2022,-1.55594945,53.80663831,Just posted a photo @ Stylus https://t.co/79hFM2Glvi
1519039369444831241,foodfusion2015,Tue Apr 26 19:43:02 +0000 2022,-1.4496120000000001,53.3831645,"@SkySportsPL Why leak it to the papers, keep your WhatsApp messages private ü§¶‚Äç‚ôÇÔ∏è"
1519039376264683520,Lee_FGR,Tue Apr 26 19:43:04 +0000 2022,-1.7856895,51.5730085,"@SoccerHonest @FGRFC_Official Where did you go, you were below us not long ago!"
1519039377376219136,clairewi,Tue Apr 26 19:43:04 +0000 2022,-5.0365245000000005,51.719291,This doesn't happen very often #Midge #Lennie https://t.co/ED3Q5ryfx9
1519039378105982981,FatSnags,Tue Apr 26 19:43:04 +0000 2022,-2.10723,52.47793,Just posted a photo @ The waterfront merry hill https://t.co/1ovbac320i
1519039380689723395,JB10MILLION,Tue Apr 26 19:43:05 +0000 2022,-1.8887870000000002,53.944756999999996,Another 1 ‚ù§Ô∏è @wattbike. Check out my session on the Hub #TrainSmart https://t.co/MxkPgEeCsS
1519039383726346241,NoaxNOW,Tue Apr 26 19:43:06 +0000 2022,-1.8906405,52.4939665,"@Gailporter Oh, so sorry to hear that. Our beautiful boy passed away last Friday and we are still üíîüòø He was our fir‚Ä¶ https://t.co/lxc6gJTdkB"
1519039385190256640,MartinSpence3,Tue Apr 26 19:43:06 +0000 2022,-5.78232999,54.50608837,Just posted a photo @ NIFMA WBFMA Fitness Model Association https://t.co/Aw5RKn9H2C https://t.co/7AQn4cf8wK
1519039393431965698,emmnightingale,Tue Apr 26 19:43:08 +0000 2022,-2.8027800000000003,54.044098000000005,"@matthewpayne22 Amines my mid/lower back. Thankyou, I‚Äôve booked in for a cupping sports massage, but isn‚Äôt till next week! Thankyou üòå"
1519039393234890758,by_victoria_,Tue Apr 26 19:43:08 +0000 2022,-2.2463,53.4793,Where‚Äôs your happy place?! üß≠‚ù£Ô∏è‚ù§Ô∏è.....@etsy @etsyuk @etsymcr #etsyuk #etsy #etsysellersofinstagram‚Ä¶ https://t.co/0w8tBTJf0v
1519039394379976704,VonnSand,Tue Apr 26 19:43:08 +0000 2022,-4.2417514999999995,55.85830249999999,@kaysillars I hope so!
1519039405243121664,only_me_mb84,Tue Apr 26 19:43:11 +0000 2022,-3.1667955,56.117733,"@utdreport @TyMarshall_MEN Its up to the fucking players to turn things round. Bunch of complete and utter clowns,‚Ä¶ https://t.co/3x4qRV5LYh"
1519039405843001344,EdelMairs,Tue Apr 26 19:43:11 +0000 2022,-6.81351,54.667202,@gracepeacockni ü§£ getting a bit too close now to be fair.
1519039409785614338,angelicakrill,Tue Apr 26 19:43:12 +0000 2022,-0.2527539999999999,51.3854455,"@chatbiology @KJF239 I think so but it‚Äôs a few years ago now! Bullet points with a diagram for each step helped, I‚Äô‚Ä¶ https://t.co/ZubDqBSMj4"
1519039412537020419,Coolbeastly,Tue Apr 26 19:43:12 +0000 2022,-3.7396969999999996,55.978449999999995,@bet365 is brutal for not working
1519039414940413955,billyhanna_,Tue Apr 26 19:43:13 +0000 2022,-1.172266,52.969719,Dads on tele not celebrating for the goal again ffs
1519039421647097858,Sue_Woodward,Tue Apr 26 19:43:15 +0000 2022,-1.9187485,52.67831,@CathyWood55 @Lichfield_DC Still eaiting for @Lichfield_DC to respond to offer from @BurntwoodTC ....
1519039422657961986,amypond4ever,Tue Apr 26 19:43:15 +0000 2022,-3.176004,56.196734,@JustJenYouKnow Under.rated masterpiece great version by Steven Wilson on the Genesis revisited album I had in the‚Ä¶ https://t.co/n3NVXXjSt4
1519039424037851137,cargill700,Tue Apr 26 19:43:15 +0000 2022,-1.0713615,53.558364,"I do hope @Harvey_XCX , @lordy0862 and @nffclord aren't too drunk . The big questions are..How many jaeger bombs an‚Ä¶ https://t.co/CfLyKOzxVW"
1519039424893444098,ShelleyWSmith2,Tue Apr 26 19:43:15 +0000 2022,-5.0365245000000005,51.719291,#masterchefuk undercooked pork is a big no no üò©
1519039431356919809,YNWA_Kaiser,Tue Apr 26 19:43:17 +0000 2022,-2.915427,53.4198785,Took the idiots for a run down Otterspool earlier this evening - they love it down there and chase the ball for age‚Ä¶ https://t.co/74M6ALstcO
1519039434141884418,G3r4ld0_B4rr0s,Tue Apr 26 19:43:18 +0000 2022,-1.3191869999999999,51.396015,I should know better ü§îDid find a bit strange when Mrs. P. didn't put up much of a fight when I decided to splash o‚Ä¶ https://t.co/ifBRQKrHrW
1519039435173773314,pranavatandra,Tue Apr 26 19:43:18 +0000 2022,-1.255023,51.754149,Remember the hospital wing in Hogwarts? ü™Ñ https://t.co/nhbIQUCPyA
1519039440882126848,atewari3,Tue Apr 26 19:43:19 +0000 2022,-2.955045,56.476952,"Gutted for Gordon Grady - one of the nicest blokes out the United staff. Had time for anyone, great Arab too! Hope‚Ä¶ https://t.co/9t3lZRHjgI"
1519039441364520962,nffc2009,Tue Apr 26 19:43:19 +0000 2022,-1.1140984999999999,52.985326,"@RioNFFC Limbs, captain, LIMBS ? @kirkyboy79"
1519039442576683009,17menzies17,Tue Apr 26 19:43:20 +0000 2022,-4.2417514999999995,55.85830249999999,"ü§£ü§£ü§£ü§£ü§£ If I tweet this, it really happened right?"
1519039450474549252,joestephens128,Tue Apr 26 19:43:22 +0000 2022,-2.7621095,52.715233,@B_and_A_Fanzine On our way üé∂ https://t.co/Q5P6WNJvOO
1519039456799608835,theWillDobeast,Tue Apr 26 19:43:23 +0000 2022,-1.7396195,55.1314185,@AzeriaWild Maybe - a bunch of people noticed it again recently and started QRTing haha
1519039459660120066,S_O_Nuallain,Tue Apr 26 19:43:24 +0000 2022,-6.81351,54.667202,@ProgPoliticsNI @KateNicholl @ClareBaileyGPNI @QueenSips @PaulaJaneB @Neil_soitis @GreenPartyNI @allianceparty‚Ä¶ https://t.co/K3gsvEw5fT
1519039460884852742,michele62250439,Tue Apr 26 19:43:24 +0000 2022,-2.202075,53.548435999999995,@HG54 @BBCNews Whoever dug that hole it‚Äôs quite neat and round . Just saying . üòÇ
1519039462466109440,martinsdale808,Tue Apr 26 19:43:24 +0000 2022,-1.664672,53.7018195,"Ohhhh no genuiunly you‚Äôd be very wrong, shes a tall lady ‚ù§Ô∏èüòç like i said i‚Äôm 6‚Äô5 and were around the same height lo‚Ä¶ https://t.co/cQ7sgErP7W"
1519039462822588419,gjds__,Tue Apr 26 19:43:24 +0000 2022,-1.5538284999999998,54.535778,This genre reccomendation for me on netflix is very on brand x https://t.co/dWwBDIP9pw
1519039465905401857,ArthurProtheroe,Tue Apr 26 19:43:25 +0000 2022,-3.382406,51.755396000000005,@JacquesSalade @GGriffithsbrown With tears in his eyes!
1519039465922117639,nickbb7,Tue Apr 26 19:43:25 +0000 2022,-3.8042920000000002,51.648540499999996,@mainlymono @ELOJeff @bigbigtrain @taylorswift13 I've been impressed the way the fans have kept quiet ( on social m‚Ä¶ https://t.co/b3WNsUBfAR
1519039465985040385,Battlemuch4WW,Tue Apr 26 19:43:25 +0000 2022,-1.172266,52.969719,I aged 5 years in that first half. Imagine the second half will be worse for my nerves. Obviously wish I was there‚Ä¶ https://t.co/4jnRVcqvmr
1519039467255963649,ZaphCamden,Tue Apr 26 19:43:26 +0000 2022,-2.1270405,57.160556,@OldSchoolBooks1 Strawberry Switchblade looking lovely as ever üòç
1519039467490844672,AdamConlon15,Tue Apr 26 19:43:26 +0000 2022,-2.23348,53.4569525,@Any2Fillings @paulapopsicle @mozzamaura @C20Castle @LeslieMilnes @UKLabour But one minute your saying I'm ugly so‚Ä¶ https://t.co/NO45HjBBgH
1519039468765913089,HarrietJEdgar,Tue Apr 26 19:43:26 +0000 2022,-1.6453615,54.9920555,@Lou_Stringer Pickled onion monster munch with everything
1519039470997233664,COSMakin,Tue Apr 26 19:43:26 +0000 2022,-2.23348,53.4569525,@drmelissasell @RuthHackett6 I‚Äôm afraid this is frankly delusional and you need help. Blocked
1519039473287323649,ArunWHU,Tue Apr 26 19:43:27 +0000 2022,-1.56549,53.801956000000004,This is mental.
1519039482875596809,JoshEvans_,Tue Apr 26 19:43:29 +0000 2022,-4.2417514999999995,55.85830249999999,this is an earywig https://t.co/QNGMtac3fD
1519039484301611011,christine6257,Tue Apr 26 19:43:30 +0000 2022,-2.7131525,52.057869,@GabbyNewsum @OFAHMusical We‚Äôre afternoon as we‚Äôre working Thursday xx
1519039485719293953,NicPTID,Tue Apr 26 19:43:30 +0000 2022,-1.216432,54.67899,"@SGC501 Been to pools more than old Trafford this season actually, gobshite pipe down. X"
1519039485773811712,touchcons_FE,Tue Apr 26 19:43:30 +0000 2022,-1.7237025,52.7591125,"1Ô∏è‚É£8Ô∏è‚É£ #APConnectHandover 2020 APConnect Impact stories. A challenging time for us all, but APs came together and c‚Ä¶ https://t.co/opCry07lpL"
1519039490244939779,warrior_amira,Tue Apr 26 19:43:31 +0000 2022,-0.2527539999999999,51.3854455,@unixsteve No one knows ü§∑üèº‚Äç‚ôÄÔ∏è
1519039493852045316,ilgrandetoro,Tue Apr 26 19:43:32 +0000 2022,-4.3786205,55.4730065,Wee listen to the radio tonight to find out what's happening in the NPL division one west play offs! and wishing‚Ä¶ https://t.co/q5len29zNY
1519039496171491329,paul_james7,Tue Apr 26 19:43:32 +0000 2022,-3.0466740000000003,53.423567500000004,"@bet365 Stop tweeting and sort your site out, need to withdraw me winnings"
1519039496133693442,frankum_ian,Tue Apr 26 19:43:32 +0000 2022,-3.5148764999999997,50.72094,@MarshyBoy26 Protected tweets cant be retweeted
1519039496565710850,Birkett938,Tue Apr 26 19:43:33 +0000 2022,-1.56549,53.801956000000004,Football pub quiz time... How many of the players in the matchday squad from the 1-1 draw between man united and le‚Ä¶ https://t.co/GvnDXxHgi3
1519039503285035010,whatchloedid_,Tue Apr 26 19:43:34 +0000 2022,-1.8906405,52.4939665,I love my parents n my grandad n my lovely lovely MATES
1519039506313269250,fiona_skywalker,Tue Apr 26 19:43:35 +0000 2022,-0.9820305,51.452524,@SheHulk Ooh wow ok I may try
1519039505784836098,Saffa_Gooner,Tue Apr 26 19:43:35 +0000 2022,-0.5488355,51.316522,@Saffa_Gooner Hey Eddie....That number 9 shirt is mine next season#afc #arsenal https://t.co/hr7HkXwCen
1519039511921057793,FeatherandWild_,Tue Apr 26 19:43:36 +0000 2022,-2.9402835,54.9023315,@AliDover @hangingwithmr It‚Äôs crumbly and dry! Not the same
1519039512470503426,craig_m0808,Tue Apr 26 19:43:36 +0000 2022,-3.5243905,55.898835500000004,@Glesgapaulmk4 @bennysfood @OK_Loyal_RFC @Scotthannah42Sh I'd imagine that any offer we would make would be at the‚Ä¶ https://t.co/jhYRWo4Y1d
1519039516882784257,Scruffyherbert1,Tue Apr 26 19:43:37 +0000 2022,-2.18333,53.0,Just posted a photo @ Stoke-on-Trent https://t.co/Ti1B5Tbd9M
1519039522436231169,ChorleyCC,Tue Apr 26 19:43:39 +0000 2022,-2.6340755,53.651504,Excellent win for the U17‚Äôs tonight in their first game of the season against @LongridgeCC. A shared performance‚Ä¶ https://t.co/glEACDYGRL
1519039524210458624,rlowe20,Tue Apr 26 19:43:39 +0000 2022,-2.653238,53.543454,@LaticsOfficial @TendayiDarikwa @plattyphoto Good god I love our club üëåüèª
1519039525988749312,ramsfan0285,Tue Apr 26 19:43:40 +0000 2022,-2.7621095,52.715233,"@DaveJHanson @SteveBloomerPod A tad uncalled for, it was merely a polite enquiry ü´¢"
1519039532074684417,FulhamBuzzard,Tue Apr 26 19:43:41 +0000 2022,-0.7037825,52.305087,Some of #ffc play worryingly reminds me of our prem games last season.
1519039536420040709,staceybwfc,Tue Apr 26 19:43:42 +0000 2022,-2.4081865000000002,53.5262885,What's going on with @bet365 ?! ü§¶üèª‚Äç‚ôÄÔ∏è
1519039536910802947,Ijblade,Tue Apr 26 19:43:42 +0000 2022,-1.2074825,53.9318445,Forest aint as good as people seem to believe. Dont get the love in for them
1519039547748794369,JamesHar16,Tue Apr 26 19:43:45 +0000 2022,-1.53142,52.2932625,@BenjiNaesen The force is strong in that one. Quickly he rides.
1519039547971190787,AdamConlon15,Tue Apr 26 19:43:45 +0000 2022,-2.23348,53.4569525,@Any2Fillings @paulapopsicle @mozzamaura @C20Castle @LeslieMilnes @UKLabour Running away like a loony usually does
1519039550718414849,wetgaz1329,Tue Apr 26 19:43:45 +0000 2022,-3.452863,56.06718,Yeah it's a weird disease called critical thinking that is curiously absent in SNP candidates.
1519039552744308736,GreenBhoy1967,Tue Apr 26 19:43:46 +0000 2022,-4.2417514999999995,55.85830249999999,@zarkwan @NewnhamTony @littleguyfaux @itsstil65916887 @OlongMarvin @beanbaby111 @Dunsnortin @ermedale‚Ä¶ https://t.co/yaJdMdOOX4
1519039555365703686,helenbail,Tue Apr 26 19:43:47 +0000 2022,-1.4496120000000001,53.3831645,@robdowellradio Definitely!
1519039557878038531,devlintom,Tue Apr 26 19:43:47 +0000 2022,-3.2030085,55.9431955,@GoonerCharles If by real gunman you mean 'blackmailed team mate with a sex tape' then yes
1519039559023091713,speedyred711,Tue Apr 26 19:43:47 +0000 2022,-1.2301575,52.924444,This ü§£ü§£ #nffc
1519039562688995328,StunnerCurves,Tue Apr 26 19:43:48 +0000 2022,-1.8906405,52.4939665,"Thanks to whoever sent this. There‚Äôs no name üòçüòçüòçIf you want to send a gift &amp; get a pic of me wearing it, here:üéÅ‚Ä¶ https://t.co/Tn2Tqy4Zdz"
1519039565000056832,GfromZ,Tue Apr 26 19:43:49 +0000 2022,-4.3289349999999995,55.9270165,"Well UK still sends huge quantities of organic waste to landfill, and also incerates sewerage sludge which is monum‚Ä¶ https://t.co/a4PHyJltWv"
1519039569450221569,shipman15_tim,Tue Apr 26 19:43:50 +0000 2022,-0.7986489999999999,52.9410375,@MarkH280968 @LMPLaw @NFFC Keep it up MIGHTY REDS üå≥üí™
1519039571425648640,gazza_d,Tue Apr 26 19:43:50 +0000 2022,-1.4407025,54.977920499999996,@WilliamNB @chrisgerhard @_MMaritima @KarlOnSea @Twitter I'm in a forgiving mood and the bikes back in one piece wi‚Ä¶ https://t.co/TOcB8VbhVT
1519039573778743296,AndywXIII,Tue Apr 26 19:43:51 +0000 2022,-1.140668,52.952509,@cardiffdevils @EmJCoWa 2 fantastic years but any excuse to share these! https://t.co/uay8f0Nvy1
1519039578761531393,ant_colwell,Tue Apr 26 19:43:52 +0000 2022,-1.724596,54.988777,@kevcairns @bodas73 Mike Dean doesn‚Äôt have any sons. He has 2 daughters and they are ST holders at Tranmere. He con‚Ä¶ https://t.co/pxVR40ylYQ
1519039587141799937,johnaitken69,Tue Apr 26 19:43:54 +0000 2022,-1.0669855,50.818864500000004,@sir_jonathan That is very definitely in the ‚Äòheirloom‚Äô bracket! What a wonderful thing to have in your family.
1519039589318541313,meh_musings,Tue Apr 26 19:43:55 +0000 2022,-3.2030085,55.9431955,@dbrockie90 Proper grim. Talking about Real Madrid as if they‚Äôre absolute no marks. Awkward AF every time they bring in Owen Hargreaves too.
1519039594704130049,Lidds84,Tue Apr 26 19:43:56 +0000 2022,-1.4949325,51.2128565,"@mrdanwalker Help people, but unfortunately the world has billionaires who aren‚Äôt bothered about others."
1519039598042750979,PamelaSBall,Tue Apr 26 19:43:57 +0000 2022,-2.915427,53.4198785,#pynchonsociety reunited ‚ù£Ô∏è#bookclub@StephenB_80 @GrabYourSpoon @LMHTweets @lesley_dixon @robinHEG https://t.co/TAJrjlPaVP
1519039604120248327,IGeorrgeI,Tue Apr 26 19:43:58 +0000 2022,-4.2417514999999995,55.85830249999999,@JordinRevel r/theydidthemath
1519039605084983296,1961_brian,Tue Apr 26 19:43:58 +0000 2022,-2.4820450000000003,56.6937375,@DanielGlebitz @wolvreen2010 @bmay ¬£25/ year?
1519039611829428226,devinejames1967,Tue Apr 26 19:44:00 +0000 2022,-3.6237615,55.8427925,@billypearson1 I'm sure we'll get that win mate ü•Çüçæ
1519039614237003777,Daniel_Lyddon,Tue Apr 26 19:44:01 +0000 2022,-3.1798,51.497001499999996,THIS. Everyone has the right to #FreeSpeech - but you don't have the right to inflict your speech on others.‚Ä¶ https://t.co/Yt5NOAmxeX
1519039614983548930,speedyred711,Tue Apr 26 19:44:01 +0000 2022,-1.2301575,52.924444,@CannavarUK @theFFCfan @_Maxweston_ @sporteventsrmh @Forest_No_22 How stupid do you feel ?
1519039617231732738,adam_mattew,Tue Apr 26 19:44:01 +0000 2022,-4.2417514999999995,55.85830249999999,@KushRozzay E just Dey off omo üòå https://t.co/B0itJn6yvx
1519039616745193474,cassntay,Tue Apr 26 19:44:01 +0000 2022,0.5115780000000001,52.2204505,Our Online Canine Fitness Convention is underway and we are on day two with replays of talks!We still have canine‚Ä¶ https://t.co/2ThMoas7iW
1519039620113125377,aidenmckenna,Tue Apr 26 19:44:02 +0000 2022,-5.928413,54.595869,"@Johnathan1707 Yer desk looks like a butchers floor, fs. Sawdust everywhere. ü§£ https://t.co/KZqXRHTF5u"
1519039623195996160,lovleylisadee,Tue Apr 26 19:44:03 +0000 2022,-1.0853245,53.9662065,@Eryn6669 Where is the tape recorder???
1519039629109960712,bluwes,Tue Apr 26 19:44:04 +0000 2022,-2.1168695,53.542865500000005,Refs in the way all the time
1519039629692911616,YNWA_Kaiser,Tue Apr 26 19:44:04 +0000 2022,-2.836169,53.366958,@ckirbyyyy Could have picked a worse planetary name to be honest
1519039629474807808,mike_hogbin,Tue Apr 26 19:44:04 +0000 2022,-1.56549,53.801956000000004,Taken by my daughter this weekend at Donington. Hoping for a podium 1st picture at Thruxton‚Ä¶ https://t.co/7R0TuP4kx6
1519039643165016064,Mancman10,Tue Apr 26 19:44:07 +0000 2022,-2.23348,53.4569525,Great game for the neutral this now #MCIRMA
1519039648961638401,wooliferkins,Tue Apr 26 19:44:09 +0000 2022,-1.4250895,51.5888575,Farouk #MasterChef https://t.co/DyJgFLv8lH
1519039651625029633,lpatz80,Tue Apr 26 19:44:09 +0000 2022,-2.1759025000000003,53.1128885,@GrappleKlips @WrestleBotch Accessory to murder
1519039657048252416,MrMattyjohnson,Tue Apr 26 19:44:11 +0000 2022,-2.8948824999999996,53.1973495,@NathanJeffrey98 Sent the shop
1519039659749355521,JaffaTheRed,Tue Apr 26 19:44:11 +0000 2022,-2.5197589999999996,53.1890985,oh my fucks we are gettings promoted
1519039662450425857,pavsmith,Tue Apr 26 19:44:12 +0000 2022,-3.3649965,55.943932000000004,"@garyrwilson @ryangrum81 @crgolfclub1 Reminds me of a guy called Dave Webb, again from home. Had a 17 part backswin‚Ä¶ https://t.co/CO8GcxtipJ"
1519039665042513921,miles_cluff,Tue Apr 26 19:44:13 +0000 2022,-2.23348,53.4569525,@austinmorley402 @BirdGuides @RSPB_Ribble @RSPBLiverpool Best shot of the bird yet mate üëè
1519039664597966848,PlymCityPatriot,Tue Apr 26 19:44:13 +0000 2022,-4.14293,50.402215,The latest Podcast is now available on all good podcasts channels.This week we host sponsors @trevorworth from‚Ä¶ https://t.co/RNBhX9jdKi
1519039665646587904,andybolton,Tue Apr 26 19:44:13 +0000 2022,-0.619748,51.707054,@Juliest101 They‚Äôre tied to chairs and gagged in a basement of the @DHSCgovuk
1519039669937258496,FeatherandWild_,Tue Apr 26 19:44:14 +0000 2022,-2.9402835,54.9023315,@hangingwithmr @AliDover üòÇü§Ø madness
1519039675708723207,sarahlouallton,Tue Apr 26 19:44:15 +0000 2022,-1.5186514999999998,52.411913,@AldiUK Made me laugh üòÉ
1519039678359515137,gazza_d,Tue Apr 26 19:44:16 +0000 2022,-1.4407025,54.977920499999996,@_MMaritima @KarlOnSea @WilliamNB @chrisgerhard @Twitter Gonna hold you to that one day.
1519039685871517696,DrummerFromFife,Tue Apr 26 19:44:18 +0000 2022,-3.2030085,55.9431955,Balls From Outside: The hour-long podcast run by idiots who can never stay on topic. New episode coming May 1st whe‚Ä¶ https://t.co/efIirkmAKq
1519039689126207490,Nffcfamily,Tue Apr 26 19:44:18 +0000 2022,-1.186364,53.1486735,Dear #nffc don't go for a piss at halftime hold it in for the 2nd half and miss the second forest goal The fans will thank you later
1519039691617677313,MElizabethLowry,Tue Apr 26 19:44:19 +0000 2022,-1.2267645,51.861843,@StrongWordsMag I absolutely LOVE this review. Strong words indeed! Thank you!
1519039704460582914,DhaswellphotoUK,Tue Apr 26 19:44:22 +0000 2022,-1.7856895,51.5730085,This is the stuff of nightmares
1519039707673415681,S_O_Nuallain,Tue Apr 26 19:44:23 +0000 2022,-6.81351,54.667202,"What an absolute crock of shit, the Alliance Party voted with the DUP and UUP against the #TradeUnionBill, in what‚Ä¶ https://t.co/ZCFGXe77yv"
1519039708688523265,AustinNicholas0,Tue Apr 26 19:44:23 +0000 2022,-2.7621095,52.715233,@rescue193uk @Twitter @Twitch Thanks mate. It's really appreciated.
1519039713595871233,KinlochSusan,Tue Apr 26 19:44:24 +0000 2022,-3.507624,55.8796855,@selbatsja @witchfind666 I think @LoveWestLothian are definitely worse! üòÇ
1519039713868455941,tonydf,Tue Apr 26 19:44:24 +0000 2022,-0.7542615,51.410747,"@AuntieJo14 @catslaveto4 If it‚Äôs good enough for Auntie Jo, it‚Äôs good enough for me üòò"
1519039718947700737,willfiveter,Tue Apr 26 19:44:26 +0000 2022,-2.5933005,53.382608000000005,It‚Äôs always best to remember with Manchester United people who know the most about the club don‚Äôt tweet it‚Ä¶ #mufc #MUFC_FAMILY #ManUtd
1519039720856162304,Davebaines,Tue Apr 26 19:44:26 +0000 2022,-3.0033305,53.632616,@manx_ram Does Rooney know him? Nice freebie to get us outta lg1?
1519039723804704772,marksmcneill,Tue Apr 26 19:44:27 +0000 2022,-2.7751315,54.068005,@benjamingrandi Good luck ü§û
1519039728682733574,theOfficeRabbit,Tue Apr 26 19:44:28 +0000 2022,-2.2338195,53.3236095,@LolInKent Oooh  *impressed face*When I was a proper knitter I used to do all sorts of fancy stitches. At least I have a goal!
1519039729941073920,rafferty_paul,Tue Apr 26 19:44:28 +0000 2022,-5.6676009999999994,54.647670500000004,Oh aye üôÉ #Wordle311#WordleWordle 311 2/6‚¨õüü©üü©‚¨õüü®üü©üü©üü©üü©üü©
1519039730473656327,LawtonCraig,Tue Apr 26 19:44:28 +0000 2022,-4.172646,55.8209155,@AJRunningCoach @UKRunChat @therunchat Thank you üòä
1519039732646305793,BatthewMailey,Tue Apr 26 19:44:29 +0000 2022,-4.0016169999999995,52.404436,@DapperWatches @Rob_NBF Here are some major symptoms of emotional and physical exhaustion:Tired or lethargic Emo‚Ä¶ https://t.co/Aeqr91zrp9
1519039734290468872,CalSocialHermit,Tue Apr 26 19:44:29 +0000 2022,-1.6453615,54.9920555,@esmelucy23 My deepest condolences xxx
1519039734869381120,SimonMDLord,Tue Apr 26 19:44:29 +0000 2022,-1.1488545000000001,51.573497,Buy 10 1st class stamps.
1519039735590789127,evilkeg74,Tue Apr 26 19:44:30 +0000 2022,-1.4382834999999998,52.870605499999996,@andrewlipscombe @maltingsyork @RoostersBrewCo @YorkBeer White Horse also had Roosters Rancher. First time 2 pints‚Ä¶ https://t.co/0EdBQ0hFxz
1519039740858839042,londonboysolace,Tue Apr 26 19:44:31 +0000 2022,-0.5925995,51.514694500000004,Ravels Bolero! Love that piece. Looking good too. X
1519039745346658304,ShelleyWSmith2,Tue Apr 26 19:44:32 +0000 2022,-5.0365245000000005,51.719291,Hepatitis E here we come!
1519039746043006978,kea11y,Tue Apr 26 19:44:32 +0000 2022,-2.4349524999999996,53.5841845,@suzysasha That's the thing with strokes. Everyone is different. He has been sent hope a lot quicker than in reality too.
1519039750782566403,AmitChampaneri1,Tue Apr 26 19:44:33 +0000 2022,-0.5830245000000001,51.40294,@btsportfootball A match is never over when you Benzema in your team - the complete striker defined!
1519039750908305413,CleggBamber,Tue Apr 26 19:44:33 +0000 2022,-1.7856895,51.5730085,"@PhilStirling It's a sweeping judgement, yea - but I wasn't emphasising the point of comparing positions on the spe‚Ä¶ https://t.co/lCsCTCCjIn"
1519039752955179015,J_Goulding86,Tue Apr 26 19:44:34 +0000 2022,-0.9820305,51.452524,@ChrisATFC87 McNulty was great player
1519039758349238272,HMatthews67,Tue Apr 26 19:44:35 +0000 2022,-0.73563,51.698080000000004,@Ariadne_Reviews My thoughts exactly
1519039760223854593,kirkyboy79,Tue Apr 26 19:44:35 +0000 2022,-3.1798,51.497001499999996,@nffc2009 @RioNFFC Great to see
1519039765160542208,Mancman10,Tue Apr 26 19:44:37 +0000 2022,-2.23348,53.4569525,@mand_brun Looks delish Mand üòÉüëç
1519039768075685888,TerryON06144598,Tue Apr 26 19:44:37 +0000 2022,-2.9451295,51.346796,@JamesDu42894776 Hope so
1519039771288510465,Rinisparkle,Tue Apr 26 19:44:38 +0000 2022,-3.0044560000000002,53.4698505,@CaroleAnne1487 @VickyPattison Ahhh bless you xxGreat drink choice! I need to get this book ! xx
1519039772437659652,opera_geek,Tue Apr 26 19:44:38 +0000 2022,-5.884745,54.215676,Perfection https://t.co/qRKiiglnJv
1519039776241946624,BradleyStaunch,Tue Apr 26 19:44:39 +0000 2022,-1.216432,54.67899,@KDixon1984 Don‚Äôt you dare diss becks like that Kevin
1519039776397135872,TheSnapper1978,Tue Apr 26 19:44:39 +0000 2022,-2.0411704999999998,52.71291,At Otherton this evening my first Wheatear of the year finally with a female on the ploughed field next to the airf‚Ä¶ https://t.co/QmSvyOYPHa
1519039779744198660,adambell94,Tue Apr 26 19:44:40 +0000 2022,-1.2074825,53.9318445,@JimmyTheBlade1 Won the penalty at the lane for them. He absolutely terrorised us at Forest aswell. Remember coming‚Ä¶ https://t.co/P81a5tYWi9
1519039782675955713,RobSandilands,Tue Apr 26 19:44:41 +0000 2022,-2.7751315,54.068005,@famousegrowse Marsh Marigold possibly Sue if it‚Äôs the one I‚Äôm thinking of. Maybe Google it and have a look and let me know üëç
1519039784446005254,Ijblade,Tue Apr 26 19:44:41 +0000 2022,-1.2074825,53.9318445,Thought boro were the best apparently whats happened to them
1519039786413133825,ian_charles007,Tue Apr 26 19:44:42 +0000 2022,-1.2334335,51.75428599999999,@GyllKing Pretty decent. Right price too!
1519039787461656577,garyallanach,Tue Apr 26 19:44:42 +0000 2022,-4.200441,57.739454,"@alimorris356 @AngusMacNeilSNP And funnily enough @susie_dent 's ""Word of the Day' today is : ‚Äòultracrepidarian‚Äô (1‚Ä¶ https://t.co/r3QGaDvqnv"
1519039790615830529,ArmchairOpinio1,Tue Apr 26 19:44:43 +0000 2022,-2.680043,51.5121365,"@Wayne77877069 @LindaLarsonKemp @JoyceWhiteVance Oh not sure we can help you at moment, after our next election !! ü§£ü§£"
1519039795070132224,Marc58,Tue Apr 26 19:44:44 +0000 2022,-2.4349524999999996,53.5841845,@nidger Great finish - how good were City first half hour too
1519039795229564930,WarphobblerKaz,Tue Apr 26 19:44:44 +0000 2022,-4.0016169999999995,52.404436,"I would have said the most lacking in compassion, empathy, honour &amp; integrity, since Widdecombe... but what do I kn‚Ä¶ https://t.co/MstsfcDv5d"
1519039797326712832,jonahpaull09,Tue Apr 26 19:44:44 +0000 2022,-4.3614325,52.212068,"@gonza_jedi @DevilsCoveFilm No, while I had a break from filming I went for a walk and met Winter and her owners."
1519039798714982400,Travelmanjoy,Tue Apr 26 19:44:45 +0000 2022,-1.2074825,53.9318445,@GBullstein You can't polish a turd!üëçüá¨üáßüá∫üá¶üá∑üáº
1519039798744391684,GoodClearTweets,Tue Apr 26 19:44:45 +0000 2022,-1.767586,51.34294,@LucyAbbotts @GreenJennyJones @Jennife94501468 Wasn't she a Brexiter?
1519039800107483138,loamhedge,Tue Apr 26 19:44:45 +0000 2022,-2.965561,51.617475999999996,@EnglishPatrio12 @Leigh_RedDragon @Keir_Starmer FYI - here are the regs at time of Durham Partygate. Read the regs‚Ä¶ https://t.co/A8ijZOIshz
1519039804947763202,spj7104,Tue Apr 26 19:44:46 +0000 2022,-1.3853659999999999,54.8992425,Keep it on the deck and we‚Äôll blitz them
1519039805128155139,cymraesydwi,Tue Apr 26 19:44:46 +0000 2022,-3.3829115,51.5318705,@thebarryhorns His numerous offspring?
1519039812036087809,ishumacon,Tue Apr 26 19:44:48 +0000 2022,-2.3200564999999997,52.1193725,@Wiganloyal Fans??? Wow normally its fan....
1519039813432848384,daveross67,Tue Apr 26 19:44:48 +0000 2022,-4.2914215,55.794269,@Highland__paddy Joe Sullivan standing behind
1519039813462237195,shipman15_tim,Tue Apr 26 19:44:48 +0000 2022,-0.7986489999999999,52.9410375,@dlcsk30 Good evening you üëç
1519039821662109700,RobIrving11,Tue Apr 26 19:44:50 +0000 2022,-2.2472365,53.0181555,@Andysclassics69 Love those Puma Villas
1519039821993463810,LynneBaines2,Tue Apr 26 19:44:50 +0000 2022,-2.6693795,53.469916,@BFujer @Juliest101 Think you're right Birgit.
1519039822802919424,FeatherandWild_,Tue Apr 26 19:44:50 +0000 2022,-2.9402835,54.9023315,@AliDover @hangingwithmr I know right! üôÑ
1519039828150599683,jamespa98970524,Tue Apr 26 19:44:52 +0000 2022,-4.2417514999999995,55.85830249999999,@iainmunn @bwmorrison1970 @stonefoundation @NeilSheasby @Dmilne88Douglas Aye alright then
1519039829505462273,Dimpisdimp,Tue Apr 26 19:44:52 +0000 2022,-2.7016375000000004,53.774091,@tbuckleythinks @connollyisking Ohhhh ouch
1519039830038093824,madlings01,Tue Apr 26 19:44:52 +0000 2022,-1.253726,52.374264499999995,@BonnieG4984 @HHazcat @AnneMcC91238887 @luzsanti2 @Attitudegrrrl @glamourpuss1000 @StumpyCatBooks @CrazyDunan‚Ä¶ https://t.co/Z79YycdHUj
1519039830096760833,SkyBetClive,Tue Apr 26 19:44:52 +0000 2022,-1.56549,53.801956000000004,Trying to find a car parking space in #Leeds today! https://t.co/pXY4EoOn3l
1519039830625296385,wearyprovo,Tue Apr 26 19:44:52 +0000 2022,-3.738247,56.154629,@james_hainie You went over to the Cheringto behind the Fergus Hotel behind the celts well * can spend the day ther‚Ä¶ https://t.co/XZVsk8eXmI
1519039835926892550,grantcavanagh,Tue Apr 26 19:44:53 +0000 2022,-2.264325,53.7942165,Come on @bet365 sort it out
1519039835809488897,djnicholl,Tue Apr 26 19:44:53 +0000 2022,-2.138017,52.421889,‚Ä¶.and sorry your chatbot struggles with the nuances of the Ukraine crisis üá∫üá¶ü§∑‚Äç‚ôÇÔ∏è@askryanair https://t.co/Fgpn5qJpPM
1519039838934249472,chrick81,Tue Apr 26 19:44:54 +0000 2022,-5.928413,54.595869,@danestoo @jamesfallon40 That‚Äôs what happens when people have a bit of power that so called landlords should be done
1519039840351883267,tarnlad77,Tue Apr 26 19:44:54 +0000 2022,-1.4727815,53.5583015,6.5/7k here max (inc a good 1500 from Blackpool)
1519039841668935680,Craig_18_G,Tue Apr 26 19:44:55 +0000 2022,-1.313202,53.3642805,"Shame, as I Would mine to add to my mingo stock. Want the reversible beach/party one üòé https://t.co/CHFtDgTfBx"
1519039849206095877,MJCUTLER,Tue Apr 26 19:44:57 +0000 2022,-2.85969039,50.96063195,National Trust Barrington Court Somerset. @ Barrington Court https://t.co/qx7Z2bYpNb
1519039857842167813,RicciTRFC,Tue Apr 26 19:44:59 +0000 2022,-2.2038685,52.526056499999996,We don't deserve anything when you look at the crap we have lost to. Bring on more terrible football in L2 next season #trfc #swa
1519039858249027585,sandylane2009,Tue Apr 26 19:44:59 +0000 2022,-1.2225015,54.5594145,@ChrisTu33799970 Love Big Ron who was at our wedding in Barbados June 1999. So pleased he looks so well Chrisüëçüçæüçæ
1519039860295753736,WhimSicALLusH,Tue Apr 26 19:44:59 +0000 2022,-2.955045,56.476952,My wee wooden birds are already working hard carrying messages of thanks‚Ä¶ and they only took flight this afternoon!‚Ä¶ https://t.co/0mW5vtJswJ
1519039869661634563,SnailLansley,Tue Apr 26 19:45:01 +0000 2022,-3.452863,56.06718,Still really want @mrblobbytv at my wedding.
1519039873939869697,AlmostLastJedi,Tue Apr 26 19:45:03 +0000 2022,-1.8906405,52.4939665,"This is disgusting, people are struggling to get cancer treatment while sl*gs like @westbrookdanni take drugs until‚Ä¶ https://t.co/ER0CDbx0t3"
1519039876934651904,workshopforty2,Tue Apr 26 19:45:03 +0000 2022,-1.436888,53.2030855,@joncoupland My bamboo started doing the same thing last year. Put it in large pots and it‚Äôs doing brilliantly this year.
1519039877723176960,Meraki_IoM,Tue Apr 26 19:45:03 +0000 2022,-4.495979,54.1617045,@StephFuller_ Would you swap Guehi for Gallagher?
1519039879409188865,WolfmanRamirez,Tue Apr 26 19:45:04 +0000 2022,-3.2030085,55.9431955,@MQUTins This is when they should be bringing Ramos on
1519039883876184065,Cfrost85601695,Tue Apr 26 19:45:05 +0000 2022,-3.4535460000000002,51.535375,@Cardiff_RSPB @wildcardiffhour @WildlifeTrusts I‚Äôve spotted this tonight and on one other occasion in the same spot‚Ä¶ https://t.co/PwDL9gRRS6
1519039890347941891,Tori_Doll_,Tue Apr 26 19:45:06 +0000 2022,-2.8948824999999996,53.1973495,"@Charlee_W @OTalk_ Shift in culture - OMs are not optional, they are a key expectation within the service provision‚Ä¶ https://t.co/GHXiy5X5xU"
1519039892562628612,BurgessMoon,Tue Apr 26 19:45:07 +0000 2022,-4.109357,50.435211,"I‚Äôm not sure if this is aimed at me, the band or Her Majesty. M x https://t.co/wOAXWELeki"
1519039896387825667,FGRYorkshire,Tue Apr 26 19:45:08 +0000 2022,-1.7856895,51.5730085,Don‚Äôt think the lino realises that he can use the flag in his hand #muppet #clearlyoffside
1519039898967228416,JordanCLambert,Tue Apr 26 19:45:08 +0000 2022,-1.76682,53.8159335,@ace_venturistic They started recording a lot or there arguments to listen back to with their marriage counsellor w‚Ä¶ https://t.co/jZpdfs69Nr
1519039902570143747,cymraesydwi,Tue Apr 26 19:45:09 +0000 2022,-3.3829115,51.5318705,@meggshateseggs He's so lush x
1519039902670901255,MellonMigration,Tue Apr 26 19:45:09 +0000 2022,-6.81351,54.667202,"Just had the first session of our CollabArchive: Leaving, Crossing and Arriving with the brilliant team at Public R‚Ä¶ https://t.co/aSlPXu4cg3"
1519039901873819648,ivinsp,Tue Apr 26 19:45:09 +0000 2022,-3.1798,51.497001499999996,@BootstrapCook Not sure these still exist but these would be my get home late after drinking session (about 25 year‚Ä¶ https://t.co/4Cc9Cjuh8u
1519039905384517634,UTRlouis,Tue Apr 26 19:45:10 +0000 2022,-1.148833,53.618257,When people thought widnes were up there this year from playing the shit teams üòÖ
1519039906135384065,WhithamPat,Tue Apr 26 19:45:10 +0000 2022,-1.4496120000000001,53.3831645,@NeilDavoDavies1 @fedup18345295 @DonahueRogers His hypocrisy knows no bounds #cnut
1519039911663448065,shipman15_tim,Tue Apr 26 19:45:11 +0000 2022,-0.7986489999999999,52.9410375,@Jessrocks71 Always üíûüëç
1519039916000305161,madlings01,Tue Apr 26 19:45:13 +0000 2022,-1.253726,52.374264499999995,@StumpyCatBooks @AnneMcC91238887 @glamourpuss1000 @lisapar12305576 @HHazcat @luzsanti2 @Attitudegrrrl @BonnieG4984‚Ä¶ https://t.co/5g12jUCv6u
1519039924636368898,tip4profit,Tue Apr 26 19:45:15 +0000 2022,-0.6382755,51.3214745,Scott Parker won't be happy
1519039926611890180,MxBenSpiller,Tue Apr 26 19:45:15 +0000 2022,-1.4707785,52.915530000000004,"@Ben_CE_Hall @TheRSC Strong look there, Ben! Quite sticky, though, hey?"
1519039927404666885,AndrewCaddick79,Tue Apr 26 19:45:15 +0000 2022,-2.5853900000000003,51.457876999999996,Just playing with tweeting https://t.co/zQj5RBn9TZ
1519039936615391245,justin_belcher,Tue Apr 26 19:45:17 +0000 2022,-1.7874955,52.447226,I almost came last!
1519039936372084736,JBee1978,Tue Apr 26 19:45:17 +0000 2022,-2.5933005,53.382608000000005,"Twice now while I‚Äôve had bets running. 3 legs already won because of 2 goal payout, and can‚Äôt access to see my cash‚Ä¶ https://t.co/Q40i6lo56Z"
